{
  "build.rs": 1782422982.2447233,
  "src/app.rs": 1782432963.1136436,
  "src/main.rs": 1782432987.4816406,
  "src/updater.rs": 1782432895.7896762,
  "src/config.rs": 1782432978.0016453,
  "src/tray.rs": 1782432925.5856454,
  "src/autostart.rs": 1782432848.3096583,
  "src/hooks.rs": 1782432982.085635,
  "SECURITY.md": 1782434096.1132157,
  "CHANGELOG.md": 1782433982.2372708,
  "README.md": 1782458789.5679908,
  "CLAUDE.md": 1782459048.2069364,
  "CONTEXT.md": 1782360929.5609293,
  "CONTRIBUTING.md": 1782459049.5389354,
  "docs/SKILLS.md": 1782360900.1275575,
  "docs/PRD.md": 1782413968.3234634,
  "docs/DOMAIN.md": 1782360902.452384,
  "docs/ADR.md": 1782360901.3153617,
  "docs/ISSUES.md": 1782360904.3602154,
  "docs/TESTS.md": 1782360904.9315703,
  "docs/research/08-autostart.md": 1782412747.6093888,
  "docs/research/06-panic.md": 1782412717.1291788,
  "docs/research/02-message-pump.md": 1782412634.308575,
  "docs/research/11-installer.md": 1782412826.1019616,
  "docs/research/01-hooks.md": 1782412610.4523919,
  "docs/research/09-updater.md": 1782412770.2615545,
  "docs/research/10-resources.md": 1782412802.2257695,
  "docs/research/12-ci.md": 1782412848.4620636,
  "docs/research/05-lock-unlock.md": 1782412701.5170565,
  "docs/research/07-single-instance.md": 1782412733.3412893,
  "docs/research/03-config.md": 1782412651.5006864,
  "docs/research/04-tray.md": 1782412679.7888944,
  "docs/spec/08-autostart.md": 1782405930.2174563,
  "docs/spec/06-panic.md": 1782405893.4214735,
  "docs/spec/02-message-pump.md": 1782405776.2334902,
  "docs/spec/11-installer.md": 1782406018.9694316,
  "docs/spec/01-hooks.md": 1782405748.5775182,
  "docs/spec/09-updater.md": 1782405962.4694438,
  "docs/spec/10-resources.md": 1782459050.5669339,
  "docs/spec/12-ci.md": 1782406045.3934295,
  "docs/spec/05-lock-unlock.md": 1782405867.929495,
  "docs/spec/07-single-instance.md": 1782405910.525472,
  "docs/spec/03-config.md": 1782405799.8934815,
  "docs/spec/SPEC.md": 1782405712.1134925,
  "docs/spec/04-tray.md": 1782405837.3174999,
  "docs/adr/0004-postmessagew-from-hooks.md": 1782360950.7990031,
  "docs/adr/0003-global-atomics-over-mutex.md": 1782360947.7553334,
  "docs/adr/0002-windows-sys-over-windows-crate.md": 1782360942.7266886,
  "docs/adr/0006-no-async-runtime.md": 1782360956.7177851,
  "docs/adr/0005-panic-abort-in-release.md": 1782360953.8971112,
  "docs/adr/0001-rust-over-cpp-go.md": 1782360939.248019,
  "docs/agents/issue-tracker.md": 1782362095.204929,
  "docs/agents/domain.md": 1782362114.6209521,
  "docs/agents/triage-labels.md": 1782362102.4769485,
  "assets/unlocked.svg": 1782422774.0,
  "assets/locked.svg": 1782422774.0
}